"IssueType","Summary","Comments","Kennung","Ausbildungsphase","Issue-ID","ParentID","id","epic-link"
"Task","(§ 4 Absatz 2 Nummer 1 a)
Grundsätze und Methoden des Projektmanagements Anwenden...","Grundsätze und Methoden des Projektmanagements Anwenden
(Phase 1: 12 Wo., Phase 2:  Wo.)","§ 4 Absatz 2 Nummer 1 a","Phase 1: 12 Wo., Phase 2:  Wo.","NICKR-100101","NICKR-100100",35,"NICKR-1"
"Task","(§ 4 Absatz 2 Nummer 1 b)
Auftragsunterlagen und Durchführbarkeit des Auftrags prüfen, insbesondere in Hin...","Auftragsunterlagen und Durchführbarkeit des Auftrags prüfen, insbesondere in Hinblick auf rechtliche, wirtschaftliche und terminliche Vorgaben, und den Auftrag mit den betrieblichen Prozessen und Möglichkeiten ab
(Phase 1: 12 Wo., Phase 2:  Wo.)","§ 4 Absatz 2 Nummer 1 b","Phase 1: 12 Wo., Phase 2:  Wo.","NICKR-100102","NICKR-100100",,"NICKR-1"
"Task","(§ 4 Absatz 2 Nummer 1 c)
Zeitplan und Reihenfolge der Arbeitsschritte für den eigenen Arbeitsbereich fest...","Zeitplan und Reihenfolge der Arbeitsschritte für den eigenen Arbeitsbereich festlegen
(Phase 1: 12 Wo., Phase 2:  Wo.)","§ 4 Absatz 2 Nummer 1 c","Phase 1: 12 Wo., Phase 2:  Wo.","NICKR-100103","NICKR-100100",,"NICKR-1"
"Task","(§ 4 Absatz 2 Nummer 1 d)
Termine planen und abstimmen sowie Terminüberwachung durchführen...","Termine planen und abstimmen sowie Terminüberwachung durchführen
(Phase 1: 12 Wo., Phase 2:  Wo.)","§ 4 Absatz 2 Nummer 1 d","Phase 1: 12 Wo., Phase 2:  Wo.","NICKR-100104","NICKR-100100",,"NICKR-1"
"Task","(§ 4 Absatz 2 Nummer 1 e)
Probleme analysieren und als Aufgabe definieren sowie Lösungsalternativen entwic...","Probleme analysieren und als Aufgabe definieren sowie Lösungsalternativen entwickeln und beurteilen
(Phase 1: 12 Wo., Phase 2:  Wo.)","§ 4 Absatz 2 Nummer 1 e","Phase 1: 12 Wo., Phase 2:  Wo.","NICKR-100105","NICKR-100100",,"NICKR-1"
"Task","(§ 4 Absatz 2 Nummer 1 f)
Arbeits- und Organisationsmittel wirtschaftlich und ökologisch unter Berücksicht...","Arbeits- und Organisationsmittel wirtschaftlich und ökologisch unter Berücksichtigung der vorhandenen Ressourcen und der Budgetvorgaben einsetzen
(Phase 1: 12 Wo., Phase 2:  Wo.)","§ 4 Absatz 2 Nummer 1 f","Phase 1: 12 Wo., Phase 2:  Wo.","NICKR-100106","NICKR-100100",,"NICKR-1"
"Task","(§ 4 Absatz 2 Nummer 1 g)
Aufgaben im Team sowie mit internen und externen Kunden und Kundinnen planen und...","Aufgaben im Team sowie mit internen und externen Kunden und Kundinnen planen und abstimmen
(Phase 1: 12 Wo., Phase 2:  Wo.)","§ 4 Absatz 2 Nummer 1 g","Phase 1: 12 Wo., Phase 2:  Wo.","NICKR-100107","NICKR-100100",,"NICKR-1"
"Task","(§ 4 Absatz 2 Nummer 1 h)
betriebswirtschaftlich relevante Daten erheben und bewerten und dabei Geschäfts-...","betriebswirtschaftlich relevante Daten erheben und bewerten und dabei Geschäfts- und Leistungsprozesse berücksichtigen
(Phase 1: 12 Wo., Phase 2:  Wo.)","§ 4 Absatz 2 Nummer 1 h","Phase 1: 12 Wo., Phase 2:  Wo.","NICKR-100108","NICKR-100100",,"NICKR-1"
"Task","(§ 4 Absatz 2 Nummer 1 i)
eigene Vorgehensweise sowie die Aufgabendurchführung im Team reflektieren und be...","eigene Vorgehensweise sowie die Aufgabendurchführung im Team reflektieren und bei der Verbesserung der Arbeitsprozesse mitwirken
(Phase 1: 12 Wo., Phase 2:  Wo.)","§ 4 Absatz 2 Nummer 1 i","Phase 1: 12 Wo., Phase 2:  Wo.","NICKR-100109","NICKR-100100",,"NICKR-1"
"Task","(§ 4 Absatz 2 Nummer 2 a)
im Rahmen der Marktbeobachtung Preise, Leistungen und Konditionen von Wettbewerb...","im Rahmen der Marktbeobachtung Preise, Leistungen und Konditionen von Wettbewerbern vergleichen
(Phase 1: 3 Wo., Phase 2: 2 Wo.)","§ 4 Absatz 2 Nummer 2 a","Phase 1: 3 Wo., Phase 2: 2 Wo.","NICKR-100201","NICKR-100200",,"NICKR-1"
"Task","(§ 4 Absatz 2 Nummer 2 b)
Bedarfe von Kunden und Kundinnen feststellen sowie Zielgruppen unterscheiden...","Bedarfe von Kunden und Kundinnen feststellen sowie Zielgruppen unterscheiden
(Phase 1: 3 Wo., Phase 2: 2 Wo.)","§ 4 Absatz 2 Nummer 2 b","Phase 1: 3 Wo., Phase 2: 2 Wo.","NICKR-100202","NICKR-100200",,"NICKR-1"
"Task","(§ 4 Absatz 2 Nummer 2 c)
Kunden und Kundinnen unter Beachtung von Kommunikationsregeln informieren sowie ...","Kunden und Kundinnen unter Beachtung von Kommunikationsregeln informieren sowie Sachverhalte präsentieren und dabei deutsche und englische Fachbegriffe anwenden
(Phase 1: 3 Wo., Phase 2: 2 Wo.)","§ 4 Absatz 2 Nummer 2 c","Phase 1: 3 Wo., Phase 2: 2 Wo.","NICKR-100203","NICKR-100200",,"NICKR-1"
"Task","(§ 4 Absatz 2 Nummer 2 d)
Maßnahmen für Marketing und Vertrieb unterstützen...","Maßnahmen für Marketing und Vertrieb unterstützen
(Phase 1: 3 Wo., Phase 2: 2 Wo.)","§ 4 Absatz 2 Nummer 2 d","Phase 1: 3 Wo., Phase 2: 2 Wo.","NICKR-100204","NICKR-100200",,"NICKR-1"
"Task","(§ 4 Absatz 2 Nummer 2 e)
Informationsquellen auch in englischer Sprache aufgabenbezogen auswerten und für...","Informationsquellen auch in englischer Sprache aufgabenbezogen auswerten und für die Kundeninformation nutzen
(Phase 1: 3 Wo., Phase 2: 2 Wo.)","§ 4 Absatz 2 Nummer 2 e","Phase 1: 3 Wo., Phase 2: 2 Wo.","NICKR-100205","NICKR-100200",,"NICKR-1"
"Task","(§ 4 Absatz 2 Nummer 2 f)
Gespräche situationsgerecht führen und Kunden und Kundinnen unter Berücksichtigu...","Gespräche situationsgerecht führen und Kunden und Kundinnen unter Berücksichtigung der Kundeninteressen beraten
(Phase 1: 3 Wo., Phase 2: 2 Wo.)","§ 4 Absatz 2 Nummer 2 f","Phase 1: 3 Wo., Phase 2: 2 Wo.","NICKR-100206","NICKR-100200",,"NICKR-1"
"Task","(§ 4 Absatz 2 Nummer 2 g)
Kundenbeziehungen unter Beachtung rechtlicher Regelungen und betrieblicher Grund...","Kundenbeziehungen unter Beachtung rechtlicher Regelungen und betrieblicher Grundsätze gestalten
(Phase 1: 3 Wo., Phase 2: 2 Wo.)","§ 4 Absatz 2 Nummer 2 g","Phase 1: 3 Wo., Phase 2: 2 Wo.","NICKR-100207","NICKR-100200",,"NICKR-1"
"Task","(§ 4 Absatz 2 Nummer 2 h)
Daten und Sachverhalte interpretieren, multimedial aufbereiten und situationsger...","Daten und Sachverhalte interpretieren, multimedial aufbereiten und situationsgerecht unter Nutzung digitaler Werkzeuge und unter Berücksichtigung der betrieblichen Vorgaben präsentieren
(Phase 1: 3 Wo., Phase 2: 2 Wo.)","§ 4 Absatz 2 Nummer 2 h","Phase 1: 3 Wo., Phase 2: 2 Wo.","NICKR-100208","NICKR-100200",,"NICKR-1"
"Task","(§ 4 Absatz 2 Nummer 3 a)
marktgängige IT-Systeme für unterschiedliche Einsatzbereiche hinsichtlich Leistu...","marktgängige IT-Systeme für unterschiedliche Einsatzbereiche hinsichtlich Leistungsfähigkeit, Wirtschaftlichkeit und Barrierefreiheit beurteilen
(Phase 1: 10 Wo., Phase 2: 5 Wo.)","§ 4 Absatz 2 Nummer 3 a","Phase 1: 10 Wo., Phase 2: 5 Wo.","NICKR-100301","NICKR-100300",,"NICKR-1"
"Task","(§ 4 Absatz 2 Nummer 3 b)
Angebote zu IT-Komponenten, IT-Produkten und IT-Dienstleistungen einholen und be...","Angebote zu IT-Komponenten, IT-Produkten und IT-Dienstleistungen einholen und bewerten sowie Spezifikationen und Konditionen vergleichen
(Phase 1: 10 Wo., Phase 2: 5 Wo.)","§ 4 Absatz 2 Nummer 3 b","Phase 1: 10 Wo., Phase 2: 5 Wo.","NICKR-100302","NICKR-100300",,"NICKR-1"
"Task","(§ 4 Absatz 2 Nummer 3 c)
technologische Entwicklungstrends von IT-Systemen feststellen sowie ihre wirtsch...","technologische Entwicklungstrends von IT-Systemen feststellen sowie ihre wirtschaftlichen, sozialen und beruflichen Auswirkungen aufzeigen
(Phase 1: 10 Wo., Phase 2: 5 Wo.)","§ 4 Absatz 2 Nummer 3 c","Phase 1: 10 Wo., Phase 2: 5 Wo.","NICKR-100303","NICKR-100300",,"NICKR-1"
"Task","(§ 4 Absatz 2 Nummer 3 d)
Veränderungen von Einsatzfeldern für IT-Systeme aufgrund technischer, wirtschaft...","Veränderungen von Einsatzfeldern für IT-Systeme aufgrund technischer, wirtschaftlicher und gesellschaftlicher Entwicklungen feststellen
(Phase 1: 10 Wo., Phase 2: 5 Wo.)","§ 4 Absatz 2 Nummer 3 d","Phase 1: 10 Wo., Phase 2: 5 Wo.","NICKR-100304","NICKR-100300",,"NICKR-1"
"Task","(§ 4 Absatz 2 Nummer 4 a)
IT-Systeme zur Bearbeitung betrieblicher Fachaufgaben analysieren sowie unter Be...","IT-Systeme zur Bearbeitung betrieblicher Fachaufgaben analysieren sowie unter Beachtung insbesondere von Lizenzmodellen, Urheberrechten und Barrierefreiheit konzeptionieren, konfigurieren, testen und dokumentieren
(Phase 1: 5 Wo., Phase 2: 7 Wo.)","§ 4 Absatz 2 Nummer 4 a","Phase 1: 5 Wo., Phase 2: 7 Wo.","NICKR-100401","NICKR-100400",,"NICKR-1"
"Task","(§ 4 Absatz 2 Nummer 4 b)
Programmiersprachen, insbesondere prozedurale und objektorientierte Programmiers...","Programmiersprachen, insbesondere prozedurale und objektorientierte Programmiersprachen, unterscheiden
(Phase 1: 5 Wo., Phase 2: 7 Wo.)","§ 4 Absatz 2 Nummer 4 b","Phase 1: 5 Wo., Phase 2: 7 Wo.","NICKR-100402","NICKR-100400",,"NICKR-1"
"Task","(§ 4 Absatz 2 Nummer 4 c)
systematisch Fehler erkennen, analysieren und beheben...","systematisch Fehler erkennen, analysieren und beheben
(Phase 1: 5 Wo., Phase 2: 7 Wo.)","§ 4 Absatz 2 Nummer 4 c","Phase 1: 5 Wo., Phase 2: 7 Wo.","NICKR-100403","NICKR-100400",,"NICKR-1"
"Task","(§ 4 Absatz 2 Nummer 4 d)
Algorithmen formulieren und Anwendungen in einer Programmiersprache erstellen...","Algorithmen formulieren und Anwendungen in einer Programmiersprache erstellen
(Phase 1: 5 Wo., Phase 2: 7 Wo.)","§ 4 Absatz 2 Nummer 4 d","Phase 1: 5 Wo., Phase 2: 7 Wo.","NICKR-100404","NICKR-100400",,"NICKR-1"
"Task","(§ 4 Absatz 2 Nummer 4 e)
Datenbankmodelle unterscheiden, Daten organisieren und speichern sowie Abfragen ...","Datenbankmodelle unterscheiden, Daten organisieren und speichern sowie Abfragen erstellen
(Phase 1: 5 Wo., Phase 2: 7 Wo.)","§ 4 Absatz 2 Nummer 4 e","Phase 1: 5 Wo., Phase 2: 7 Wo.","NICKR-100405","NICKR-100400",,"NICKR-1"
"Task","(§ 4 Absatz 2 Nummer 5 a)
betriebliche Qualitätssicherungssysteme im eigenen Arbeitsbereich anwenden und Q...","betriebliche Qualitätssicherungssysteme im eigenen Arbeitsbereich anwenden und Qualitätssicherungsmaßnahmen projektbegleitend durchführen und dokumentieren
(Phase 1: 4 Wo., Phase 2: 8 Wo.)","§ 4 Absatz 2 Nummer 5 a","Phase 1: 4 Wo., Phase 2: 8 Wo.","NICKR-100501","NICKR-100500",,"NICKR-1"
"Task","(§ 4 Absatz 2 Nummer 5 b)
Ursachen von Qualitätsmängeln systematisch feststellen, beseitigen und dokumenti...","Ursachen von Qualitätsmängeln systematisch feststellen, beseitigen und dokumentieren
(Phase 1: 4 Wo., Phase 2: 8 Wo.)","§ 4 Absatz 2 Nummer 5 b","Phase 1: 4 Wo., Phase 2: 8 Wo.","NICKR-100502","NICKR-100500",,"NICKR-1"
"Task","(§ 4 Absatz 2 Nummer 5 c)
im Rahmen eines Verbesserungsprozesses die Zielerreichung kontrollieren, insbeso...","im Rahmen eines Verbesserungsprozesses die Zielerreichung kontrollieren, insbesondere einen Soll-Ist-Vergleich durchführen
(Phase 1: 4 Wo., Phase 2: 8 Wo.)","§ 4 Absatz 2 Nummer 5 c","Phase 1: 4 Wo., Phase 2: 8 Wo.","NICKR-100503","NICKR-100500",,"NICKR-1"
"Task","(§ 4 Absatz 2 Nummer 6 a)
betriebliche Vorgaben und rechtliche Regelungen zur IT-Sicherheit und zum Datens...","betriebliche Vorgaben und rechtliche Regelungen zur IT-Sicherheit und zum Datenschutz einhalten
(Phase 1: 6 Wo., Phase 2: 6 Wo.)","§ 4 Absatz 2 Nummer 6 a","Phase 1: 6 Wo., Phase 2: 6 Wo.","NICKR-100601","NICKR-100600",,"NICKR-1"
"Task","(§ 4 Absatz 2 Nummer 6 b)
Sicherheitsanforderungen von IT-Systemen analysieren und Maßnahmen zur IT-Sicher...","Sicherheitsanforderungen von IT-Systemen analysieren und Maßnahmen zur IT-Sicherheit ableiten, abstimmen, umsetzen und evaluieren
(Phase 1: 6 Wo., Phase 2: 6 Wo.)","§ 4 Absatz 2 Nummer 6 b","Phase 1: 6 Wo., Phase 2: 6 Wo.","NICKR-100602","NICKR-100600",,"NICKR-1"
"Task","(§ 4 Absatz 2 Nummer 6 c)
Bedrohungsszenarien erkennen und Schadenspotenziale unter Berücksichtigung wirts...","Bedrohungsszenarien erkennen und Schadenspotenziale unter Berücksichtigung wirtschaftlicher und technischer Kriterien einschätzen
(Phase 1: 6 Wo., Phase 2: 6 Wo.)","§ 4 Absatz 2 Nummer 6 c","Phase 1: 6 Wo., Phase 2: 6 Wo.","NICKR-100603","NICKR-100600",,"NICKR-1"
"Task","(§ 4 Absatz 2 Nummer 6 d)
Kunden und Kundinnen im Hinblick auf Anforderungen an die IT-Sicherheit und an d...","Kunden und Kundinnen im Hinblick auf Anforderungen an die IT-Sicherheit und an den Datenschutz beraten
(Phase 1: 6 Wo., Phase 2: 6 Wo.)","§ 4 Absatz 2 Nummer 6 d","Phase 1: 6 Wo., Phase 2: 6 Wo.","NICKR-100604","NICKR-100600",,"NICKR-1"
"Task","(§ 4 Absatz 2 Nummer 6 e)
Wirksamkeit und Effizienz der umgesetzten Maßnahmen zur IT-Sicherheit und zum Da...","Wirksamkeit und Effizienz der umgesetzten Maßnahmen zur IT-Sicherheit und zum Datenschutz prüfen
(Phase 1: 6 Wo., Phase 2: 6 Wo.)","§ 4 Absatz 2 Nummer 6 e","Phase 1: 6 Wo., Phase 2: 6 Wo.","NICKR-100605","NICKR-100600",,"NICKR-1"
"Task","(§ 4 Absatz 2 Nummer 7 a)
Leistungen nach betrieblichen und vertraglichen Vorgaben dokumentieren...","Leistungen nach betrieblichen und vertraglichen Vorgaben dokumentieren
(Phase 1: 7 Wo., Phase 2:  Wo.)","§ 4 Absatz 2 Nummer 7 a","Phase 1: 7 Wo., Phase 2:  Wo.","NICKR-100701","NICKR-100700",,"NICKR-1"
"Task","(§ 4 Absatz 2 Nummer 7 b)
Leistungserbringung unter Berücksichtigung der organisatorischen und terminliche...","Leistungserbringung unter Berücksichtigung der organisatorischen und terminlichen Vorgaben mit Kunden und Kundinnen abstimmen und kontrollieren
(Phase 1: 7 Wo., Phase 2:  Wo.)","§ 4 Absatz 2 Nummer 7 b","Phase 1: 7 Wo., Phase 2:  Wo.","NICKR-100702","NICKR-100700",,"NICKR-1"
"Task","(§ 4 Absatz 2 Nummer 7 c)
Veränderungsprozesse begleiten und unterstützen...","Veränderungsprozesse begleiten und unterstützen
(Phase 1: 7 Wo., Phase 2:  Wo.)","§ 4 Absatz 2 Nummer 7 c","Phase 1: 7 Wo., Phase 2:  Wo.","NICKR-100703","NICKR-100700",,"NICKR-1"
"Task","(§ 4 Absatz 2 Nummer 7 d)
Kunden und Kundinnen in die Nutzung von Produkten und Dienstleistungen einweisen...","Kunden und Kundinnen in die Nutzung von Produkten und Dienstleistungen einweisen
(Phase 1: 7 Wo., Phase 2:  Wo.)","§ 4 Absatz 2 Nummer 7 d","Phase 1: 7 Wo., Phase 2:  Wo.","NICKR-100704","NICKR-100700",,"NICKR-1"
"Task","(§ 4 Absatz 2 Nummer 7 e)
Leistungen und Dokumentationen an Kunden und Kundinnen übergeben sowie Abnahmepr...","Leistungen und Dokumentationen an Kunden und Kundinnen übergeben sowie Abnahmeprotokolle anfertigen
(Phase 1: 7 Wo., Phase 2:  Wo.)","§ 4 Absatz 2 Nummer 7 e","Phase 1: 7 Wo., Phase 2:  Wo.","NICKR-100705","NICKR-100700",,"NICKR-1"
"Task","(§ 4 Absatz 2 Nummer 7 f)
Kosten für erbrachte Leistungen erfassen sowie im Zeitvergleich und im Soll-Ist-...","Kosten für erbrachte Leistungen erfassen sowie im Zeitvergleich und im Soll-Ist-Vergleich bewerten
(Phase 1: 7 Wo., Phase 2:  Wo.)","§ 4 Absatz 2 Nummer 7 f","Phase 1: 7 Wo., Phase 2:  Wo.","NICKR-100706","NICKR-100700",,"NICKR-1"
"Task","(§ 4 Absatz 2 Nummer 8 a)
Netzwerkkonzepte für unterschiedliche Anwedungsgebiete unterscheiden...","Netzwerkkonzepte für unterschiedliche Anwedungsgebiete unterscheiden
(Phase 1: 3 Wo., Phase 2: 3 Wo.)","§ 4 Absatz 2 Nummer 8 a","Phase 1: 3 Wo., Phase 2: 3 Wo.","NICKR-100801","NICKR-100800",,"NICKR-1"
"Task","(§ 4 Absatz 2 Nummer 8 b)
Datenaustausch von vernetzten Systemen realisieren...","Datenaustausch von vernetzten Systemen realisieren
(Phase 1: 3 Wo., Phase 2: 3 Wo.)","§ 4 Absatz 2 Nummer 8 b","Phase 1: 3 Wo., Phase 2: 3 Wo.","NICKR-100802","NICKR-100800",,"NICKR-1"
"Task","(§ 4 Absatz 2 Nummer 8 c)
Verfügbarkeit und Ausfallwahrscheinlichkeiten analysieren und Lösungsvorschläge ...","Verfügbarkeit und Ausfallwahrscheinlichkeiten analysieren und Lösungsvorschläge unterbreiten
(Phase 1: 3 Wo., Phase 2: 3 Wo.)","§ 4 Absatz 2 Nummer 8 c","Phase 1: 3 Wo., Phase 2: 3 Wo.","NICKR-100803","NICKR-100800",,"NICKR-1"
"Task","(§ 4 Absatz 2 Nummer 8 d)
Maßnahmen zur präventiven Wartung und zur Störungsvermeidung einleiten und durch...","Maßnahmen zur präventiven Wartung und zur Störungsvermeidung einleiten und durchführen
(Phase 1: 3 Wo., Phase 2: 3 Wo.)","§ 4 Absatz 2 Nummer 8 d","Phase 1: 3 Wo., Phase 2: 3 Wo.","NICKR-100804","NICKR-100800",,"NICKR-1"
"Task","(§ 4 Absatz 2 Nummer 8 e)
Störungsmeldungen aufnehmen und analysieren sowie Maßnahmen zur Störungsbeseitig...","Störungsmeldungen aufnehmen und analysieren sowie Maßnahmen zur Störungsbeseitigung ergreifen
(Phase 1: 3 Wo., Phase 2: 3 Wo.)","§ 4 Absatz 2 Nummer 8 e","Phase 1: 3 Wo., Phase 2: 3 Wo.","NICKR-100805","NICKR-100800",,"NICKR-1"
"Task","(§ 4 Absatz 2 Nummer 8 f)
Dokumentationen zielgruppengerecht und barrierefrei anfertigen, bereitstellen un...","Dokumentationen zielgruppengerecht und barrierefrei anfertigen, bereitstellen und pflegen, insbesondere technische Dokumentationen, System- sowie Benutzerdokumentationen
(Phase 1: 3 Wo., Phase 2: 3 Wo.)","§ 4 Absatz 2 Nummer 8 f","Phase 1: 3 Wo., Phase 2: 3 Wo.","NICKR-100806","NICKR-100800",,"NICKR-1"
"Task","(§ 4 Absatz 2 Nummer 9 a)
Sicherheitsmechanismen, insbesondere Zugriffsmöglichkeiten und -rechte, festlege...","Sicherheitsmechanismen, insbesondere Zugriffsmöglichkeiten und -rechte, festlegen und implementieren
(Phase 1:  Wo., Phase 2: 5 Wo.)","§ 4 Absatz 2 Nummer 9 a","Phase 1:  Wo., Phase 2: 5 Wo.","NICKR-100901","NICKR-100900",,"NICKR-1"
"Task","(§ 4 Absatz 2 Nummer 9 b)
Speicherlösungen, insbesondere Datenbanksysteme, Integrieren...","Speicherlösungen, insbesondere Datenbanksysteme, Integrieren
(Phase 1:  Wo., Phase 2: 5 Wo.)","§ 4 Absatz 2 Nummer 9 b","Phase 1:  Wo., Phase 2: 5 Wo.","NICKR-100902","NICKR-100900",,"NICKR-1"
"Task","(§ 4 Absatz 2 Nummer 10 a)
Programmspezifikationen festlegen, Datenmodelle und Strukturen aus fachlichen An...","Programmspezifikationen festlegen, Datenmodelle und Strukturen aus fachlichen Anforderungen ableiten sowie Schnittstellen festlegen
(Phase 1: 5 Wo., Phase 2: 10 Wo.)","§ 4 Absatz 2 Nummer 10 a","Phase 1: 5 Wo., Phase 2: 10 Wo.","NICKR-101001","NICKR-101000",,"NICKR-1"
"Task","(§ 4 Absatz 2 Nummer 10 b)
Programmiersprachen auswählen und unterschiedliche Programmiersprachen anwenden...","Programmiersprachen auswählen und unterschiedliche Programmiersprachen anwenden
(Phase 1: 5 Wo., Phase 2: 10 Wo.)","§ 4 Absatz 2 Nummer 10 b","Phase 1: 5 Wo., Phase 2: 10 Wo.","NICKR-101002","NICKR-101000",,"NICKR-1"
"Task","(§ 4 Absatz 2 Nummer 10 c)
Teilaufgaben von IT-Systemen automatisieren...","Teilaufgaben von IT-Systemen automatisieren
(Phase 1: 5 Wo., Phase 2: 10 Wo.)","§ 4 Absatz 2 Nummer 10 c","Phase 1: 5 Wo., Phase 2: 10 Wo.","NICKR-101003","NICKR-101000",,"NICKR-1"
"Task","(§ 4 Absatz 3 Nummer 1 a)
Vorgehensmodelle und -methoden sowie Entwicklungsumgebungen und -bibliotheken au...","Vorgehensmodelle und -methoden sowie Entwicklungsumgebungen und -bibliotheken auswählen und einsetzen
(Phase 1: 15 Wo., Phase 2: 25 Wo.)","§ 4 Absatz 3 Nummer 1 a","Phase 1: 15 Wo., Phase 2: 25 Wo.","NICKR-200101","NICKR-200100",,"NICKR-2"
"Task","(§ 4 Absatz 3 Nummer 1 b)
Analyse- und Designverfahren anwenden...","Analyse- und Designverfahren anwenden
(Phase 1: 15 Wo., Phase 2: 25 Wo.)","§ 4 Absatz 3 Nummer 1 b","Phase 1: 15 Wo., Phase 2: 25 Wo.","NICKR-200102","NICKR-200100",,"NICKR-2"
"Task","(§ 4 Absatz 3 Nummer 1 c)
Benutzerschnittstellen ergonomisch gestalten und an Kundenanforderungen anpassen...","Benutzerschnittstellen ergonomisch gestalten und an Kundenanforderungen anpassen
(Phase 1: 15 Wo., Phase 2: 25 Wo.)","§ 4 Absatz 3 Nummer 1 c","Phase 1: 15 Wo., Phase 2: 25 Wo.","NICKR-200103","NICKR-200100",,"NICKR-2"
"Task","(§ 4 Absatz 3 Nummer 1 d)
Anwendungslösungen unter Berücksichtigung der bestehenden Systemarchitektur entw...","Anwendungslösungen unter Berücksichtigung der bestehenden Systemarchitektur entwerfen und Realisieren
(Phase 1: 15 Wo., Phase 2: 25 Wo.)","§ 4 Absatz 3 Nummer 1 d","Phase 1: 15 Wo., Phase 2: 25 Wo.","NICKR-200104","NICKR-200100",,"NICKR-2"
"Task","(§ 4 Absatz 3 Nummer 1 e)
bestehende Anwendungslösungen anpassen...","bestehende Anwendungslösungen anpassen
(Phase 1: 15 Wo., Phase 2: 25 Wo.)","§ 4 Absatz 3 Nummer 1 e","Phase 1: 15 Wo., Phase 2: 25 Wo.","NICKR-200105","NICKR-200100",,"NICKR-2"
"Task","(§ 4 Absatz 3 Nummer 1 f)
Datenaustausch zwischen Systemen realisieren und unterschiedliche Datenquellen n...","Datenaustausch zwischen Systemen realisieren und unterschiedliche Datenquellen nutzen
(Phase 1: 15 Wo., Phase 2: 25 Wo.)","§ 4 Absatz 3 Nummer 1 f","Phase 1: 15 Wo., Phase 2: 25 Wo.","NICKR-200106","NICKR-200100",,"NICKR-2"
"Task","(§ 4 Absatz 3 Nummer 1 g)
komplexe Abfragen aus unterschiedlichen Datenquellen durchführen und Datenbestan...","komplexe Abfragen aus unterschiedlichen Datenquellen durchführen und Datenbestandsberichte erstellen
(Phase 1: 15 Wo., Phase 2: 25 Wo.)","§ 4 Absatz 3 Nummer 1 g","Phase 1: 15 Wo., Phase 2: 25 Wo.","NICKR-200107","NICKR-200100",,"NICKR-2"
"Task","(§ 4 Absatz 3 Nummer 2 a)
Sicherheitsaspekte bei der Entwicklung von Softwareanwendungen berücksichtigen...","Sicherheitsaspekte bei der Entwicklung von Softwareanwendungen berücksichtigen
(Phase 1: 5 Wo., Phase 2: 7 Wo.)","§ 4 Absatz 3 Nummer 2 a","Phase 1: 5 Wo., Phase 2: 7 Wo.","NICKR-200201","NICKR-200200",,"NICKR-2"
"Task","(§ 4 Absatz 3 Nummer 2 b)
Datenintegrität mithilfe von Werkzeugen sicherstellen...","Datenintegrität mithilfe von Werkzeugen sicherstellen
(Phase 1: 5 Wo., Phase 2: 7 Wo.)","§ 4 Absatz 3 Nummer 2 b","Phase 1: 5 Wo., Phase 2: 7 Wo.","NICKR-200202","NICKR-200200",,"NICKR-2"
"Task","(§ 4 Absatz 3 Nummer 2 c)
Modultests erstellen und durchführen...","Modultests erstellen und durchführen
(Phase 1: 5 Wo., Phase 2: 7 Wo.)","§ 4 Absatz 3 Nummer 2 c","Phase 1: 5 Wo., Phase 2: 7 Wo.","NICKR-200203","NICKR-200200",,"NICKR-2"
"Task","(§ 4 Absatz 3 Nummer 2 d)
Werkzeuge zur Versionsverwaltung einsetzen...","Werkzeuge zur Versionsverwaltung einsetzen
(Phase 1: 5 Wo., Phase 2: 7 Wo.)","§ 4 Absatz 3 Nummer 2 d","Phase 1: 5 Wo., Phase 2: 7 Wo.","NICKR-200204","NICKR-200200",,"NICKR-2"
"Task","(§ 4 Absatz 3 Nummer 2 e)
Testkonzepte erstellen und Tests durchführen sowie Testergebnisse bewerten und d...","Testkonzepte erstellen und Tests durchführen sowie Testergebnisse bewerten und dokumentieren
(Phase 1: 5 Wo., Phase 2: 7 Wo.)","§ 4 Absatz 3 Nummer 2 e","Phase 1: 5 Wo., Phase 2: 7 Wo.","NICKR-200205","NICKR-200200",,"NICKR-2"
"Task","(§ 4 Absatz 3 Nummer 2 f)
Daten und Sachverhalte aus Tests multimedial aufbereiten und situationsgerecht u...","Daten und Sachverhalte aus Tests multimedial aufbereiten und situationsgerecht unter Nutzung digitaler Werkzeuge und unter Beachtung der betrieblichen Vorgaben präsentieren
(Phase 1: 5 Wo., Phase 2: 7 Wo.)","§ 4 Absatz 3 Nummer 2 f","Phase 1: 5 Wo., Phase 2: 7 Wo.","NICKR-200206","NICKR-200200",,"NICKR-2"
"Task","(§ 4 Absatz 4 Nummer 1 a)
Systemlösungen entsprechend den kundenspezifischen Anforderungen unter Berücksic...","Systemlösungen entsprechend den kundenspezifischen Anforderungen unter Berücksichtigung von Sicherheitsaspekten konzipieren
(Phase 1: 8 Wo., Phase 2: 12 Wo.)","§ 4 Absatz 4 Nummer 1 a","Phase 1: 8 Wo., Phase 2: 12 Wo.","NICKR-300101","NICKR-300100",,"NICKR-3"
"Task","(§ 4 Absatz 4 Nummer 1 b)
IT-Systeme auswählen, installieren und konfigurieren...","IT-Systeme auswählen, installieren und konfigurieren
(Phase 1: 8 Wo., Phase 2: 12 Wo.)","§ 4 Absatz 4 Nummer 1 b","Phase 1: 8 Wo., Phase 2: 12 Wo.","NICKR-300102","NICKR-300100",,"NICKR-3"
"Task","(§ 4 Absatz 4 Nummer 1 c)
externe IT-Ressourcen bewerten, auswählen und in ein IT-System integrieren...","externe IT-Ressourcen bewerten, auswählen und in ein IT-System integrieren
(Phase 1: 8 Wo., Phase 2: 12 Wo.)","§ 4 Absatz 4 Nummer 1 c","Phase 1: 8 Wo., Phase 2: 12 Wo.","NICKR-300103","NICKR-300100",,"NICKR-3"
"Task","(§ 4 Absatz 4 Nummer 1 d)
Kompatibilitätsprobleme von IT-Systemen und Systemkomponenten beurteilen und lös...","Kompatibilitätsprobleme von IT-Systemen und Systemkomponenten beurteilen und lösen
(Phase 1: 8 Wo., Phase 2: 12 Wo.)","§ 4 Absatz 4 Nummer 1 d","Phase 1: 8 Wo., Phase 2: 12 Wo.","NICKR-300104","NICKR-300100",,"NICKR-3"
"Task","(§ 4 Absatz 4 Nummer 1 e)
Testkonzepte erstellen sowie Tests durchführen und dokumentieren...","Testkonzepte erstellen sowie Tests durchführen und dokumentieren
(Phase 1: 8 Wo., Phase 2: 12 Wo.)","§ 4 Absatz 4 Nummer 1 e","Phase 1: 8 Wo., Phase 2: 12 Wo.","NICKR-300105","NICKR-300100",,"NICKR-3"
"Task","(§ 4 Absatz 4 Nummer 1 f)
Systemübergabe planen und mit den beteiligten Organisationseinheiten sowie Kunde...","Systemübergabe planen und mit den beteiligten Organisationseinheiten sowie Kunden und Kundinnen abstimmen und durchführen
(Phase 1: 8 Wo., Phase 2: 12 Wo.)","§ 4 Absatz 4 Nummer 1 f","Phase 1: 8 Wo., Phase 2: 12 Wo.","NICKR-300106","NICKR-300100",,"NICKR-3"
"Task","(§ 4 Absatz 4 Nummer 1 g)
Datenübernahmen planen und durchführen...","Datenübernahmen planen und durchführen
(Phase 1: 8 Wo., Phase 2: 12 Wo.)","§ 4 Absatz 4 Nummer 1 g","Phase 1: 8 Wo., Phase 2: 12 Wo.","NICKR-300107","NICKR-300100",,"NICKR-3"
"Task","(§ 4 Absatz 4 Nummer 2 a)
Netzwerkprotokolle und -schnittstellen für unterschiedliche Anwengungsbereiche b...","Netzwerkprotokolle und -schnittstellen für unterschiedliche Anwengungsbereiche bewerten und auswählen
(Phase 1: 5 Wo., Phase 2: 6 Wo.)","§ 4 Absatz 4 Nummer 2 a","Phase 1: 5 Wo., Phase 2: 6 Wo.","NICKR-300201","NICKR-300200",,"NICKR-3"
"Task","(§ 4 Absatz 4 Nummer 2 b)
Netzwerkkomponenten auswählen, installieren und Konfigurieren...","Netzwerkkomponenten auswählen, installieren und Konfigurieren
(Phase 1: 5 Wo., Phase 2: 6 Wo.)","§ 4 Absatz 4 Nummer 2 b","Phase 1: 5 Wo., Phase 2: 6 Wo.","NICKR-300202","NICKR-300200",,"NICKR-3"
"Task","(§ 4 Absatz 4 Nummer 2 c)
Systeme zur IT-Sicherheit in Netzwerken implementieren und dokumentieren...","Systeme zur IT-Sicherheit in Netzwerken implementieren und dokumentieren
(Phase 1: 5 Wo., Phase 2: 6 Wo.)","§ 4 Absatz 4 Nummer 2 c","Phase 1: 5 Wo., Phase 2: 6 Wo.","NICKR-300203","NICKR-300200",,"NICKR-3"
"Task","(§ 4 Absatz 4 Nummer 3 a)
Richtlinien zur Nutzung von IT-Systemen erstellen und einführen...","Richtlinien zur Nutzung von IT-Systemen erstellen und einführen
(Phase 1: 7 Wo., Phase 2: 14 Wo.)","§ 4 Absatz 4 Nummer 3 a","Phase 1: 7 Wo., Phase 2: 14 Wo.","NICKR-300301","NICKR-300300",,"NICKR-3"
"Task","(§ 4 Absatz 4 Nummer 3 b)
Lizenzrechte verwalten und die Einhaltung von Lizenzbestimmungen überwachen...","Lizenzrechte verwalten und die Einhaltung von Lizenzbestimmungen überwachen
(Phase 1: 7 Wo., Phase 2: 14 Wo.)","§ 4 Absatz 4 Nummer 3 b","Phase 1: 7 Wo., Phase 2: 14 Wo.","NICKR-300302","NICKR-300300",,"NICKR-3"
"Task","(§ 4 Absatz 4 Nummer 3 c)
Berechtigungskonzepte entwerfen, abstimmen und umsetzen...","Berechtigungskonzepte entwerfen, abstimmen und umsetzen
(Phase 1: 7 Wo., Phase 2: 14 Wo.)","§ 4 Absatz 4 Nummer 3 c","Phase 1: 7 Wo., Phase 2: 14 Wo.","NICKR-300303","NICKR-300300",,"NICKR-3"
"Task","(§ 4 Absatz 4 Nummer 3 d)
Systemaktualisierungen evaluieren und durchführen...","Systemaktualisierungen evaluieren und durchführen
(Phase 1: 7 Wo., Phase 2: 14 Wo.)","§ 4 Absatz 4 Nummer 3 d","Phase 1: 7 Wo., Phase 2: 14 Wo.","NICKR-300304","NICKR-300300",,"NICKR-3"
"Task","(§ 4 Absatz 4 Nummer 3 e)
Konzepte zur Datensicherung und -archivierung erstellen und umsetzen...","Konzepte zur Datensicherung und -archivierung erstellen und umsetzen
(Phase 1: 7 Wo., Phase 2: 14 Wo.)","§ 4 Absatz 4 Nummer 3 e","Phase 1: 7 Wo., Phase 2: 14 Wo.","NICKR-300305","NICKR-300300",,"NICKR-3"
"Task","(§ 4 Absatz 4 Nummer 3 f)
Konzepte zur Daten- und Systemwiederherstellung erstellen und umsetzen...","Konzepte zur Daten- und Systemwiederherstellung erstellen und umsetzen
(Phase 1: 7 Wo., Phase 2: 14 Wo.)","§ 4 Absatz 4 Nummer 3 f","Phase 1: 7 Wo., Phase 2: 14 Wo.","NICKR-300306","NICKR-300300",,"NICKR-3"
"Task","(§ 4 Absatz 4 Nummer 3 g)
Systemauslastung überwachen und Ressourcen verwalten...","Systemauslastung überwachen und Ressourcen verwalten
(Phase 1: 7 Wo., Phase 2: 14 Wo.)","§ 4 Absatz 4 Nummer 3 g","Phase 1: 7 Wo., Phase 2: 14 Wo.","NICKR-300307","NICKR-300300",,"NICKR-3"
"Task","(§ 4 Absatz 4 Nummer 3 h)
Systemverhalten überwachen, bewerten und Maßnahmen ergreifen...","Systemverhalten überwachen, bewerten und Maßnahmen ergreifen
(Phase 1: 7 Wo., Phase 2: 14 Wo.)","§ 4 Absatz 4 Nummer 3 h","Phase 1: 7 Wo., Phase 2: 14 Wo.","NICKR-300308","NICKR-300300",,"NICKR-3"
"Task","(§ 4 Absatz 4 Nummer 3 i)
Benutzeranfragen aufnehmen, analysieren und bearbeiten...","Benutzeranfragen aufnehmen, analysieren und bearbeiten
(Phase 1: 7 Wo., Phase 2: 14 Wo.)","§ 4 Absatz 4 Nummer 3 i","Phase 1: 7 Wo., Phase 2: 14 Wo.","NICKR-300309","NICKR-300300",,"NICKR-3"
"Task","(§ 4 Absatz 5 Nummer 1 a)
betriebs- und produktionswirtschaftliche Geschäftsprozesse und ihr Zusammenwirke...","betriebs- und produktionswirtschaftliche Geschäftsprozesse und ihr Zusammenwirken im Unternehmen analysieren
(Phase 1: 8 Wo., Phase 2:  Wo.)","§ 4 Absatz 5 Nummer 1 a","Phase 1: 8 Wo., Phase 2:  Wo.","NICKR-400101","NICKR-400100",,"NICKR-4"
"Task","(§ 4 Absatz 5 Nummer 1 b)
Anforderungen in einer Prozessdarstellung abbilden...","Anforderungen in einer Prozessdarstellung abbilden
(Phase 1: 8 Wo., Phase 2:  Wo.)","§ 4 Absatz 5 Nummer 1 b","Phase 1: 8 Wo., Phase 2:  Wo.","NICKR-400102","NICKR-400100",,"NICKR-4"
"Task","(§ 4 Absatz 5 Nummer 1 c)
Werkzeuge der Prozessoptimierung vergleichen und vorschlagen...","Werkzeuge der Prozessoptimierung vergleichen und vorschlagen
(Phase 1: 8 Wo., Phase 2:  Wo.)","§ 4 Absatz 5 Nummer 1 c","Phase 1: 8 Wo., Phase 2:  Wo.","NICKR-400103","NICKR-400100",,"NICKR-4"
"Task","(§ 4 Absatz 5 Nummer 2 a)
Daten aus heterogenen Datenquellen identifizieren und klassifizieren...","Daten aus heterogenen Datenquellen identifizieren und klassifizieren
(Phase 1: 5 Wo., Phase 2: 5 Wo.)","§ 4 Absatz 5 Nummer 2 a","Phase 1: 5 Wo., Phase 2: 5 Wo.","NICKR-400201","NICKR-400200",,"NICKR-4"
"Task","(§ 4 Absatz 5 Nummer 2 b)
Berechtigung zur Nutzung und zur Verknüpfung von Daten prüfen sowie entsprechend...","Berechtigung zur Nutzung und zur Verknüpfung von Daten prüfen sowie entsprechende Maßnahmen ableiten
(Phase 1: 5 Wo., Phase 2: 5 Wo.)","§ 4 Absatz 5 Nummer 2 b","Phase 1: 5 Wo., Phase 2: 5 Wo.","NICKR-400202","NICKR-400200",,"NICKR-4"
"Task","(§ 4 Absatz 5 Nummer 2 c)
technische Voraussetzungen zur Übernahme von Daten sicherstellen und Daten berei...","technische Voraussetzungen zur Übernahme von Daten sicherstellen und Daten bereitstellen
(Phase 1: 5 Wo., Phase 2: 5 Wo.)","§ 4 Absatz 5 Nummer 2 c","Phase 1: 5 Wo., Phase 2: 5 Wo.","NICKR-400203","NICKR-400200",,"NICKR-4"
"Task","(§ 4 Absatz 5 Nummer 3 a)
Daten auf Qualität, insbesondere auf Plausibilität, Quantität, Redundanz, Vollst...","Daten auf Qualität, insbesondere auf Plausibilität, Quantität, Redundanz, Vollständigkeit und Validität prüfen, Ergebnisse dokumentieren und bei Abweichungen vom Sollzustand Maßnahmen, insbesondere zur Verbesserung der Datenqualität, vorschlagen
(Phase 1: 6 Wo., Phase 2: 21 Wo.)","§ 4 Absatz 5 Nummer 3 a","Phase 1: 6 Wo., Phase 2: 21 Wo.","NICKR-400301","NICKR-400300",,"NICKR-4"
"Task","(§ 4 Absatz 5 Nummer 3 b)
Auffindbarkeit, Zugänglichkeit, Interoperabilität, Wiederverwendbarkeit von Date...","Auffindbarkeit, Zugänglichkeit, Interoperabilität, Wiederverwendbarkeit von Daten sicherstellen
(Phase 1: 6 Wo., Phase 2: 21 Wo.)","§ 4 Absatz 5 Nummer 3 b","Phase 1: 6 Wo., Phase 2: 21 Wo.","NICKR-400302","NICKR-400300",,"NICKR-4"
"Task","(§ 4 Absatz 5 Nummer 3 c)
analytische und statistische Verfahren anwenden...","analytische und statistische Verfahren anwenden
(Phase 1: 6 Wo., Phase 2: 21 Wo.)","§ 4 Absatz 5 Nummer 3 c","Phase 1: 6 Wo., Phase 2: 21 Wo.","NICKR-400303","NICKR-400300",,"NICKR-4"
"Task","(§ 4 Absatz 5 Nummer 3 d)
Programmiersprachen mit integrierten Auswertungsverfahren und Visualisierungswer...","Programmiersprachen mit integrierten Auswertungsverfahren und Visualisierungswerkzeugen nutzen
(Phase 1: 6 Wo., Phase 2: 21 Wo.)","§ 4 Absatz 5 Nummer 3 d","Phase 1: 6 Wo., Phase 2: 21 Wo.","NICKR-400304","NICKR-400300",,"NICKR-4"
"Task","(§ 4 Absatz 5 Nummer 3 e)
Ergebnisse der Analyse für unterschiedliche Zielgruppen aufbereiten...","Ergebnisse der Analyse für unterschiedliche Zielgruppen aufbereiten
(Phase 1: 6 Wo., Phase 2: 21 Wo.)","§ 4 Absatz 5 Nummer 3 e","Phase 1: 6 Wo., Phase 2: 21 Wo.","NICKR-400305","NICKR-400300",,"NICKR-4"
"Task","(§ 4 Absatz 5 Nummer 3 f)
mathematische Vorhersagemodelle anwenden...","mathematische Vorhersagemodelle anwenden
(Phase 1: 6 Wo., Phase 2: 21 Wo.)","§ 4 Absatz 5 Nummer 3 f","Phase 1: 6 Wo., Phase 2: 21 Wo.","NICKR-400306","NICKR-400300",,"NICKR-4"
"Task","(§ 4 Absatz 5 Nummer 3 g)
Werkzeuge zur Mustererkennung und zur Modellgenerierung nutzen...","Werkzeuge zur Mustererkennung und zur Modellgenerierung nutzen
(Phase 1: 6 Wo., Phase 2: 21 Wo.)","§ 4 Absatz 5 Nummer 3 g","Phase 1: 6 Wo., Phase 2: 21 Wo.","NICKR-400307","NICKR-400300",,"NICKR-4"
"Task","(§ 4 Absatz 5 Nummer 3 h)
Analyseergebnisse zur Optimierung der betriebsund produktionswirtschaftlichen Ge...","Analyseergebnisse zur Optimierung der betriebsund produktionswirtschaftlichen Geschäftsprozesse nutzen
(Phase 1: 6 Wo., Phase 2: 21 Wo.)","§ 4 Absatz 5 Nummer 3 h","Phase 1: 6 Wo., Phase 2: 21 Wo.","NICKR-400308","NICKR-400300",,"NICKR-4"
"Task","(§ 4 Absatz 5 Nummer 3 i)
Kennzahlen ableiten und für ein Monitoringsystem vorschlagen...","Kennzahlen ableiten und für ein Monitoringsystem vorschlagen
(Phase 1: 6 Wo., Phase 2: 21 Wo.)","§ 4 Absatz 5 Nummer 3 i","Phase 1: 6 Wo., Phase 2: 21 Wo.","NICKR-400309","NICKR-400300",,"NICKR-4"
"Task","(§ 4 Absatz 5 Nummer 4 a)
mit für Datenschutz zuständigen Personen und Einrichtungen kooperieren...","mit für Datenschutz zuständigen Personen und Einrichtungen kooperieren
(Phase 1: 1 Wo., Phase 2: 6 Wo.)","§ 4 Absatz 5 Nummer 4 a","Phase 1: 1 Wo., Phase 2: 6 Wo.","NICKR-400401","NICKR-400400",,"NICKR-4"
"Task","(§ 4 Absatz 5 Nummer 4 b)
Benutzer-, Zugriffs- und Datenhaltungs- sowie Datensicherungskonzepte erstellen ...","Benutzer-, Zugriffs- und Datenhaltungs- sowie Datensicherungskonzepte erstellen und dabei die verschiedenen Datenklassifizierungen berücksichtigen
(Phase 1: 1 Wo., Phase 2: 6 Wo.)","§ 4 Absatz 5 Nummer 4 b","Phase 1: 1 Wo., Phase 2: 6 Wo.","NICKR-400402","NICKR-400400",,"NICKR-4"
"Task","(§ 4 Absatz 5 Nummer 4 c)
beim Umgang mit Daten und bei der Erstellung der Konzepte Datensparsamkeit und D...","beim Umgang mit Daten und bei der Erstellung der Konzepte Datensparsamkeit und Datensorgfalt beachten
(Phase 1: 1 Wo., Phase 2: 6 Wo.)","§ 4 Absatz 5 Nummer 4 c","Phase 1: 1 Wo., Phase 2: 6 Wo.","NICKR-400403","NICKR-400400",,"NICKR-4"
"Task","(§ 4 Absatz 5 Nummer 4 d)
Verfahren zur Datenverschlüsselung auswählen und nutzen...","Verfahren zur Datenverschlüsselung auswählen und nutzen
(Phase 1: 1 Wo., Phase 2: 6 Wo.)","§ 4 Absatz 5 Nummer 4 d","Phase 1: 1 Wo., Phase 2: 6 Wo.","NICKR-400404","NICKR-400400",,"NICKR-4"
"Task","(§ 4 Absatz 6 Nummer 1 a)
das Zusammenwirken der Komponenten cyberphysischer Systeme erfassen und visualis...","das Zusammenwirken der Komponenten cyberphysischer Systeme erfassen und visualisieren
(Phase 1: 12 Wo., Phase 2: 4 Wo.)","§ 4 Absatz 6 Nummer 1 a","Phase 1: 12 Wo., Phase 2: 4 Wo.","NICKR-500101","NICKR-500100",,"NICKR-5"
"Task","(§ 4 Absatz 6 Nummer 1 b)
bestehende Vernetzung eingesetzter Software und technischer Schnittstellen analy...","bestehende Vernetzung eingesetzter Software und technischer Schnittstellen analysieren, insbesondere unter Berücksichtigung der bestehenden Netztopologien
(Phase 1: 12 Wo., Phase 2: 4 Wo.)","§ 4 Absatz 6 Nummer 1 b","Phase 1: 12 Wo., Phase 2: 4 Wo.","NICKR-500102","NICKR-500100",,"NICKR-5"
"Task","(§ 4 Absatz 6 Nummer 1 c)
bei der Planung Aspekte der IT-Sicherheit und technische Rahmenbedingungen, insb...","bei der Planung Aspekte der IT-Sicherheit und technische Rahmenbedingungen, insbesondere Netzwerkanforderungen, berücksichtigen
(Phase 1: 12 Wo., Phase 2: 4 Wo.)","§ 4 Absatz 6 Nummer 1 c","Phase 1: 12 Wo., Phase 2: 4 Wo.","NICKR-500103","NICKR-500100",,"NICKR-5"
"Task","(§ 4 Absatz 6 Nummer 1 d)
Netzwerkkomponenten auswählen, technische Unterlagen erstellen und Kosten kalkul...","Netzwerkkomponenten auswählen, technische Unterlagen erstellen und Kosten kalkulieren
(Phase 1: 12 Wo., Phase 2: 4 Wo.)","§ 4 Absatz 6 Nummer 1 d","Phase 1: 12 Wo., Phase 2: 4 Wo.","NICKR-500104","NICKR-500100",,"NICKR-5"
"Task","(§ 4 Absatz 6 Nummer 1 e)
die Lösung zur Vernetzung und zu Änderungen am System kundenbezogen abstimmen...","die Lösung zur Vernetzung und zu Änderungen am System kundenbezogen abstimmen
(Phase 1: 12 Wo., Phase 2: 4 Wo.)","§ 4 Absatz 6 Nummer 1 e","Phase 1: 12 Wo., Phase 2: 4 Wo.","NICKR-500105","NICKR-500100",,"NICKR-5"
"Task","(§ 4 Absatz 6 Nummer 1 f)
Daten auswerten und Vorschläge zur Optimierung der Interaktion von Systemen entw...","Daten auswerten und Vorschläge zur Optimierung der Interaktion von Systemen entwickeln
(Phase 1: 12 Wo., Phase 2: 4 Wo.)","§ 4 Absatz 6 Nummer 1 f","Phase 1: 12 Wo., Phase 2: 4 Wo.","NICKR-500106","NICKR-500100",,"NICKR-5"
"Task","(§ 4 Absatz 6 Nummer 2 a)
Systemkomponenten und Netzwerkbetriebssysteme installieren, anpassen und konfigu...","Systemkomponenten und Netzwerkbetriebssysteme installieren, anpassen und konfigurieren
(Phase 1: 4 Wo., Phase 2: 13 Wo.)","§ 4 Absatz 6 Nummer 2 a","Phase 1: 4 Wo., Phase 2: 13 Wo.","NICKR-500201","NICKR-500200",,"NICKR-5"
"Task","(§ 4 Absatz 6 Nummer 2 b)
Softwarelösungen zur Visualisierung und Optimierung von Prozessabläufen anwenden...","Softwarelösungen zur Visualisierung und Optimierung von Prozessabläufen anwenden
(Phase 1: 4 Wo., Phase 2: 13 Wo.)","§ 4 Absatz 6 Nummer 2 b","Phase 1: 4 Wo., Phase 2: 13 Wo.","NICKR-500202","NICKR-500200",,"NICKR-5"
"Task","(§ 4 Absatz 6 Nummer 2 c)
Programme erstellen und anpassen sowie Signal- und Datenübertragungseinrichtunge...","Programme erstellen und anpassen sowie Signal- und Datenübertragungseinrichtungen konfigurieren
(Phase 1: 4 Wo., Phase 2: 13 Wo.)","§ 4 Absatz 6 Nummer 2 c","Phase 1: 4 Wo., Phase 2: 13 Wo.","NICKR-500203","NICKR-500200",,"NICKR-5"
"Task","(§ 4 Absatz 6 Nummer 2 d)
Sicherheits- und Datensicherungssysteme berücksichtigen, Gefahrenpotenziale iden...","Sicherheits- und Datensicherungssysteme berücksichtigen, Gefahrenpotenziale identifizieren und Zugangsberechtigungen festlegen
(Phase 1: 4 Wo., Phase 2: 13 Wo.)","§ 4 Absatz 6 Nummer 2 d","Phase 1: 4 Wo., Phase 2: 13 Wo.","NICKR-500204","NICKR-500200",,"NICKR-5"
"Task","(§ 4 Absatz 6 Nummer 2 e)
Testkonzepte erstellen, Tests durchführen, Fehler beseitigen sowie Ergebnisse un...","Testkonzepte erstellen, Tests durchführen, Fehler beseitigen sowie Ergebnisse und Änderungen dokumentieren
(Phase 1: 4 Wo., Phase 2: 13 Wo.)","§ 4 Absatz 6 Nummer 2 e","Phase 1: 4 Wo., Phase 2: 13 Wo.","NICKR-500205","NICKR-500200",,"NICKR-5"
"Task","(§ 4 Absatz 6 Nummer 2 f)
Systeme in Betrieb nehmen, Inbetriebnahmeprotokolle erstellen und Systeme überge...","Systeme in Betrieb nehmen, Inbetriebnahmeprotokolle erstellen und Systeme übergeben
(Phase 1: 4 Wo., Phase 2: 13 Wo.)","§ 4 Absatz 6 Nummer 2 f","Phase 1: 4 Wo., Phase 2: 13 Wo.","NICKR-500206","NICKR-500200",,"NICKR-5"
"Task","(§ 4 Absatz 6 Nummer 3 a)
Systemauslastung überwachen und Systemstatus dokumentieren...","Systemauslastung überwachen und Systemstatus dokumentieren
(Phase 1: 4 Wo., Phase 2: 15 Wo.)","§ 4 Absatz 6 Nummer 3 a","Phase 1: 4 Wo., Phase 2: 15 Wo.","NICKR-500301","NICKR-500300",,"NICKR-5"
"Task","(§ 4 Absatz 6 Nummer 3 b)
Systemdaten erfassen und im Hinblick auf Vorgabeparameter auswerten und Systemst...","Systemdaten erfassen und im Hinblick auf Vorgabeparameter auswerten und Systemstörungen feststellen und beheben
(Phase 1: 4 Wo., Phase 2: 15 Wo.)","§ 4 Absatz 6 Nummer 3 b","Phase 1: 4 Wo., Phase 2: 15 Wo.","NICKR-500302","NICKR-500300",,"NICKR-5"
"Task","(§ 4 Absatz 6 Nummer 3 c)
Daten auswerten, um Wartungsintervalle und Prozessabläufe zu optimieren...","Daten auswerten, um Wartungsintervalle und Prozessabläufe zu optimieren
(Phase 1: 4 Wo., Phase 2: 15 Wo.)","§ 4 Absatz 6 Nummer 3 c","Phase 1: 4 Wo., Phase 2: 15 Wo.","NICKR-500303","NICKR-500300",,"NICKR-5"
"Task","(§ 4 Absatz 6 Nummer 3 d)
System-, Diagnose- und Prozessdaten auswerten, Schwachstellen identifizieren und...","System-, Diagnose- und Prozessdaten auswerten, Schwachstellen identifizieren und Maßnahmen ableiten
(Phase 1: 4 Wo., Phase 2: 15 Wo.)","§ 4 Absatz 6 Nummer 3 d","Phase 1: 4 Wo., Phase 2: 15 Wo.","NICKR-500304","NICKR-500300",,"NICKR-5"
"Task","(§ 4 Absatz 6 Nummer 3 e)
Angriffsszenarien in cyber-physischen Systemen unterscheiden und antizipieren...","Angriffsszenarien in cyber-physischen Systemen unterscheiden und antizipieren
(Phase 1: 4 Wo., Phase 2: 15 Wo.)","§ 4 Absatz 6 Nummer 3 e","Phase 1: 4 Wo., Phase 2: 15 Wo.","NICKR-500305","NICKR-500300",,"NICKR-5"
"Task","(§ 4 Absatz 6 Nummer 3 f)
Anomalien in vernetzten Systemen feststellen und Schutzmaßnahmen einleiten...","Anomalien in vernetzten Systemen feststellen und Schutzmaßnahmen einleiten
(Phase 1: 4 Wo., Phase 2: 15 Wo.)","§ 4 Absatz 6 Nummer 3 f","Phase 1: 4 Wo., Phase 2: 15 Wo.","NICKR-500306","NICKR-500300",,"NICKR-5"
"Task","(§ 4 Absatz 6 Nummer 3 g)
bereichsspezifische Sicherheitslösungen implementieren...","bereichsspezifische Sicherheitslösungen implementieren
(Phase 1: 4 Wo., Phase 2: 15 Wo.)","§ 4 Absatz 6 Nummer 3 g","Phase 1: 4 Wo., Phase 2: 15 Wo.","NICKR-500307","NICKR-500300",,"NICKR-5"
"Task","(§ 4 Absatz 6 Nummer 3 h)
Systemaktualisierungen vornehmen und Optimierungen vorschlagen...","Systemaktualisierungen vornehmen und Optimierungen vorschlagen
(Phase 1: 4 Wo., Phase 2: 15 Wo.)","§ 4 Absatz 6 Nummer 3 h","Phase 1: 4 Wo., Phase 2: 15 Wo.","NICKR-500308","NICKR-500300",,"NICKR-5"
"Task","(§ 4 Absatz 7 Nummer 1 a)
wesentliche Inhalte und Bestandteile des Ausbildungsvertrages darstellen, Rechte...","wesentliche Inhalte und Bestandteile des Ausbildungsvertrages darstellen, Rechte und Pflichten aus dem Ausbildungsvertrag feststellen und Aufgaben der Beteiligten im dualen System beschreiben
(Phase 1: -1 Wo., Phase 2:  Wo.)","§ 4 Absatz 7 Nummer 1 a","Phase 1: -1 Wo., Phase 2:  Wo.","NICKR-600101","NICKR-600100",,"NICKR-6"
"Task","(§ 4 Absatz 7 Nummer 1 b)
den betrieblichen Ausbildungsplan mit der Ausbildungsordnung vergleichen...","den betrieblichen Ausbildungsplan mit der Ausbildungsordnung vergleichen
(Phase 1: -1 Wo., Phase 2:  Wo.)","§ 4 Absatz 7 Nummer 1 b","Phase 1: -1 Wo., Phase 2:  Wo.","NICKR-600102","NICKR-600100",,"NICKR-6"
"Task","(§ 4 Absatz 7 Nummer 1 c)
arbeits-, sozial- und mitbestimmungsrechtliche Vorschriften sowie für den Arbeit...","arbeits-, sozial- und mitbestimmungsrechtliche Vorschriften sowie für den Arbeitsbereich geltende Tarif- und Arbeitszeitregelungen beachten
(Phase 1: -1 Wo., Phase 2:  Wo.)","§ 4 Absatz 7 Nummer 1 c","Phase 1: -1 Wo., Phase 2:  Wo.","NICKR-600103","NICKR-600100",,"NICKR-6"
"Task","(§ 4 Absatz 7 Nummer 1 d)
Positionen der eigenen Entgeltabrechnung erklären...","Positionen der eigenen Entgeltabrechnung erklären
(Phase 1: -1 Wo., Phase 2:  Wo.)","§ 4 Absatz 7 Nummer 1 d","Phase 1: -1 Wo., Phase 2:  Wo.","NICKR-600104","NICKR-600100",,"NICKR-6"
"Task","(§ 4 Absatz 7 Nummer 1 e)
Chancen und Anforderungen des lebensbegleitenden lernens für die berufliche und ...","Chancen und Anforderungen des lebensbegleitenden lernens für die berufliche und persönliche Entwicklung begründen und die eigenen Kompetenzen weiterentwickeln
(Phase 1: -1 Wo., Phase 2:  Wo.)","§ 4 Absatz 7 Nummer 1 e","Phase 1: -1 Wo., Phase 2:  Wo.","NICKR-600105","NICKR-600100",,"NICKR-6"
"Task","(§ 4 Absatz 7 Nummer 1 f)
Lern- und Arbeitstechniken sowie Methoden des selbstgesteuerten lernens anwenden...","Lern- und Arbeitstechniken sowie Methoden des selbstgesteuerten lernens anwenden und beruflich relevante Informationsquellen nutzen
(Phase 1: -1 Wo., Phase 2:  Wo.)","§ 4 Absatz 7 Nummer 1 f","Phase 1: -1 Wo., Phase 2:  Wo.","NICKR-600106","NICKR-600100",,"NICKR-6"
"Task","(§ 4 Absatz 7 Nummer 1 g)
berufliche Aufstiegs- und Weiterentwicklungsmöglichkeiten darstellen...","berufliche Aufstiegs- und Weiterentwicklungsmöglichkeiten darstellen
(Phase 1: -1 Wo., Phase 2:  Wo.)","§ 4 Absatz 7 Nummer 1 g","Phase 1: -1 Wo., Phase 2:  Wo.","NICKR-600107","NICKR-600100",,"NICKR-6"
"Task","(§ 4 Absatz 7 Nummer 2 a)
die Rechtsform und den organisatorischen Aufbau des Ausbildungsbetriebes mit sei...","die Rechtsform und den organisatorischen Aufbau des Ausbildungsbetriebes mit seinen Aufgaben und Zuständigkeiten sowie die Zusammenhänge zwischen den Geschäftsprozessen erläutern
(Phase 1: -1 Wo., Phase 2:  Wo.)","§ 4 Absatz 7 Nummer 2 a","Phase 1: -1 Wo., Phase 2:  Wo.","NICKR-600201","NICKR-600200",,"NICKR-6"
"Task","(§ 4 Absatz 7 Nummer 2 b)
Beziehungen des Ausbildungsbetriebes und seiner Beschäftigten zu Wirtschaftsorga...","Beziehungen des Ausbildungsbetriebes und seiner Beschäftigten zu Wirtschaftsorganisationen, Berufsvertretungen und Gewerkschaften nennen
(Phase 1: -1 Wo., Phase 2:  Wo.)","§ 4 Absatz 7 Nummer 2 b","Phase 1: -1 Wo., Phase 2:  Wo.","NICKR-600202","NICKR-600200",,"NICKR-6"
"Task","(§ 4 Absatz 7 Nummer 2 c)
Grundlagen, Aufgaben und Arbeitsweise der betriebsverfassungsrechtlichen Organe ...","Grundlagen, Aufgaben und Arbeitsweise der betriebsverfassungsrechtlichen Organe des Ausbildungsbetriebes beschreiben
(Phase 1: -1 Wo., Phase 2:  Wo.)","§ 4 Absatz 7 Nummer 2 c","Phase 1: -1 Wo., Phase 2:  Wo.","NICKR-600203","NICKR-600200",,"NICKR-6"
"Task","(§ 4 Absatz 7 Nummer 3 a)
Gefährdung von Sicherheit und Gesundheit am Arbeitsplatz feststellen und Maßnahm...","Gefährdung von Sicherheit und Gesundheit am Arbeitsplatz feststellen und Maßnahmen zur Vermeidung der Gefährdung ergreifen
(Phase 1: -1 Wo., Phase 2:  Wo.)","§ 4 Absatz 7 Nummer 3 a","Phase 1: -1 Wo., Phase 2:  Wo.","NICKR-600301","NICKR-600300",,"NICKR-6"
"Task","(§ 4 Absatz 7 Nummer 3 b)
berufsbezogene Arbeitsschutz- und Unfallverhütungsvorschriften anwenden...","berufsbezogene Arbeitsschutz- und Unfallverhütungsvorschriften anwenden
(Phase 1: -1 Wo., Phase 2:  Wo.)","§ 4 Absatz 7 Nummer 3 b","Phase 1: -1 Wo., Phase 2:  Wo.","NICKR-600302","NICKR-600300",,"NICKR-6"
"Task","(§ 4 Absatz 7 Nummer 3 c)
Verhaltensweisen bei Unfällen beschreiben sowie erste Maßnahmen einleiten...","Verhaltensweisen bei Unfällen beschreiben sowie erste Maßnahmen einleiten
(Phase 1: -1 Wo., Phase 2:  Wo.)","§ 4 Absatz 7 Nummer 3 c","Phase 1: -1 Wo., Phase 2:  Wo.","NICKR-600303","NICKR-600300",,"NICKR-6"
"Task","(§ 4 Absatz 7 Nummer 3 d)
Vorschriften des vorbeugenden Brandschutzes anwenden sowie Verhaltensweisen bei ...","Vorschriften des vorbeugenden Brandschutzes anwenden sowie Verhaltensweisen bei Bränden beschreiben und Maßnahmen zur Brandbekämpfung ergreifen
(Phase 1: -1 Wo., Phase 2:  Wo.)","§ 4 Absatz 7 Nummer 3 d","Phase 1: -1 Wo., Phase 2:  Wo.","NICKR-600304","NICKR-600300",,"NICKR-6"
"Task","(§ 4 Absatz 7 Nummer 4 a)
Zur Vermeidung betriebsbedingter Umweltbelastungen im beruflichen Einwirkungsber...","Zur Vermeidung betriebsbedingter Umweltbelastungen im beruflichen Einwirkungsbereich beitragen, insbesondere mögliche Umweltbelastungen durch den Ausbildungsbetrieb und seinen Beitrag zum Umweltschutz an Beispielen erklären
(Phase 1: -1 Wo., Phase 2:  Wo.)","§ 4 Absatz 7 Nummer 4 a","Phase 1: -1 Wo., Phase 2:  Wo.","NICKR-600401","NICKR-600400",,"NICKR-6"
"Task","(§ 4 Absatz 7 Nummer 4 b)
Zur Vermeidung betriebsbedingter Umweltbelastungen im beruflichen Einwirkungsber...","Zur Vermeidung betriebsbedingter Umweltbelastungen im beruflichen Einwirkungsbereich beitragen, insbesondere für den Ausbildungsbetrieb geltende Regelungen des Umweltschutzes anwenden
(Phase 1: -1 Wo., Phase 2:  Wo.)","§ 4 Absatz 7 Nummer 4 b","Phase 1: -1 Wo., Phase 2:  Wo.","NICKR-600402","NICKR-600400",,"NICKR-6"
"Task","(§ 4 Absatz 7 Nummer 4 c)
Zur Vermeidung betriebsbedingter Umweltbelastungen im beruflichen Einwirkungsber...","Zur Vermeidung betriebsbedingter Umweltbelastungen im beruflichen Einwirkungsbereich beitragen, insbesondere Möglichkeiten der wirtschaftlichen und umweltschonenden Energie- und Materialverwendung nutzen
(Phase 1: -1 Wo., Phase 2:  Wo.)","§ 4 Absatz 7 Nummer 4 c","Phase 1: -1 Wo., Phase 2:  Wo.","NICKR-600403","NICKR-600400",,"NICKR-6"
"Task","(§ 4 Absatz 7 Nummer 4 d)
Zur Vermeidung betriebsbedingter Umweltbelastungen im beruflichen Einwirkungsber...","Zur Vermeidung betriebsbedingter Umweltbelastungen im beruflichen Einwirkungsbereich beitragen, insbesondere Abfälle vermeiden sowie Stoffe und Materialien einer umweltschonenden Entsorgung zuführen
(Phase 1: -1 Wo., Phase 2:  Wo.)","§ 4 Absatz 7 Nummer 4 d","Phase 1: -1 Wo., Phase 2:  Wo.","NICKR-600404","NICKR-600400",,"NICKR-6"
"Task","(§ 4 Absatz 7 Nummer 5 a)
gegenseitige Wertschätzung unter Berücksichtigung gesellschaftlicher Vielfalt be...","gegenseitige Wertschätzung unter Berücksichtigung gesellschaftlicher Vielfalt bei betrieblichen Abläufen praktizieren
(Phase 1: 3 Wo., Phase 2:  Wo.)","§ 4 Absatz 7 Nummer 5 a","Phase 1: 3 Wo., Phase 2:  Wo.","NICKR-600501","NICKR-600500",,"NICKR-6"
"Task","(§ 4 Absatz 7 Nummer 5 b)
Strategien zum verantwortungsvollen Umgang mit digitalen Medien anwenden und im ...","Strategien zum verantwortungsvollen Umgang mit digitalen Medien anwenden und im virtuellen Raum unter Wahrung der Persönlichkeitsrechte Dritter zusammenarbeiten
(Phase 1: 3 Wo., Phase 2:  Wo.)","§ 4 Absatz 7 Nummer 5 b","Phase 1: 3 Wo., Phase 2:  Wo.","NICKR-600502","NICKR-600500",,"NICKR-6"
"Task","(§ 4 Absatz 7 Nummer 5 c)
insbesondere bei der Speicherung, Darstellung und Weitergabe digitaler Inhalte d...","insbesondere bei der Speicherung, Darstellung und Weitergabe digitaler Inhalte die Auswirkungen des eigenen Kommunikations- und Informationsverhaltens berücksichtigen
(Phase 1: 3 Wo., Phase 2:  Wo.)","§ 4 Absatz 7 Nummer 5 c","Phase 1: 3 Wo., Phase 2:  Wo.","NICKR-600503","NICKR-600500",,"NICKR-6"
"Task","(§ 4 Absatz 7 Nummer 5 d)
bei der Beurteilung, Entwicklung, Umsetzung und Betreuung von IT-Lösungen ethisc...","bei der Beurteilung, Entwicklung, Umsetzung und Betreuung von IT-Lösungen ethische Aspekte reflektieren
(Phase 1: 3 Wo., Phase 2:  Wo.)","§ 4 Absatz 7 Nummer 5 d","Phase 1: 3 Wo., Phase 2:  Wo.","NICKR-600504","NICKR-600500",,"NICKR-6"
"Task","(99 Nummer 99 x)
Last Card...","Last Card
(Phase 1:  Wo., Phase 2:  Wo.)","99 Nummer 99 x","Phase 1:  Wo., Phase 2:  Wo.","NICKR-9909924","NICKR-9909900",,"NICKR-99"
